{"cameraMode":{"drawMode":0,"name":"Shaded","section":"Shading Mode"},"sceneLighting":true,"audioPlay":false,"sceneViewState":{"m_AlwaysRefresh":false,"showFog":true,"showSkybox":true,"showFlares":true,"showImageEffects":true,"showParticleSystems":true,"showVisualEffectGraphs":true,"m_FxEnabled":true},"in2DMode":false,"pivot":{"x":-12.668907165527344,"y":7.736727714538574,"z":-26.23249053955078},"rotation":{"x":0.08213623613119126,"y":0.20333795249462129,"z":-0.017120370641350747,"w":0.9755116105079651},"size":6.712149620056152,"orthographic":true}