{"cameraMode":{"drawMode":0,"name":"Shaded","section":"Shading Mode"},"sceneLighting":true,"audioPlay":false,"sceneViewState":{"m_AlwaysRefresh":false,"showFog":true,"showSkybox":true,"showFlares":true,"showImageEffects":true,"showParticleSystems":true,"showVisualEffectGraphs":true,"m_FxEnabled":true},"in2DMode":false,"pivot":{"x":35.43678283691406,"y":10.613641738891602,"z":-16.87575340270996},"rotation":{"x":0.11693529784679413,"y":-0.30039072036743166,"z":0.03713557496666908,"w":0.9458953738212586},"size":38.29288864135742,"orthographic":true}